{
  "project_info": {
    "project_number": "679017174595",
    "project_id": "blissful-essentials-f8cd6",
    "storage_bucket": "blissful-essentials-f8cd6.appspot.com"
  },
  "client": [
    {
      "client_info": {
        "mobilesdk_app_id": "1:679017174595:android:3830c037e49e6ff594a6f6",
        "android_client_info": {
          "package_name": "com.example.blissful_essentials"
        }
      },
      "oauth_client": [
        {
          "client_id": "679017174595-ntpnfnca7u1nfhnpisgm5lke8ve2ng4m.apps.googleusercontent.com",
          "client_type": 3
        }
      ],
      "api_key": [
        {
          "current_key": "AIzaSyDXzkhBr-Qyhro6at-G6UOGW1q2tK0eFIg"
        }
      ],
      "services": {
        "appinvite_service": {
          "other_platform_oauth_client": [
            {
              "client_id": "679017174595-ntpnfnca7u1nfhnpisgm5lke8ve2ng4m.apps.googleusercontent.com",
              "client_type": 3
            }
          ]
        }
      }
    }
  ],
  "configuration_version": "1"
}